point_index,x_mm,y_mm,z_mm,B_posX_max_mT,B_negX_max_mT,B_posY_max_mT,B_negY_max_mT,B_posZ_max_mT,B_negZ_max_mT,six_axis_min_mT,limiting_axis,complete,p0_symmetry_enforced,p0_symmetry_passed,p0_refinement_runs,X_pair_gap_mT,Y_pair_gap_mT,Z_pair_gap_mT,X_pair_rounded_match,Y_pair_rounded_match,Z_pair_rounded_match,posX_direction_error_deg,negX_direction_error_deg,posY_direction_error_deg,negY_direction_error_deg,posZ_direction_error_deg,negZ_direction_error_deg,posX_method,negX_method,posY_method,negY_method,posZ_method,negZ_method
0,0.0,0.0,0.0,70.94503066884931,70.94698600078266,64.18907171332586,64.20280708419376,56.38513616870452,56.385117534970995,56.385117534970995,-Z,True,True,True,2,0.0019553319333454056,0.013735370867905772,1.8633733525064144e-05,True,True,True,3.6262867909682215e-10,1.5715411722927906e-12,2.876906159074244e-12,1.7214211098553512e-10,2.356546569228483e-09,7.692912132536279e-09,ipopt,ipopt,genetic_algorithm+ipopt,genetic_algorithm+ipopt,genetic_algorithm+ipopt,genetic_algorithm+ipopt
1,-20.0,20.0,0.0,75.23946843732666,75.66598042170581,70.031261331626,70.03188046771064,61.19045473795255,61.19029650924277,61.19029650924277,-Z,True,False,True,1,nan,nan,nan,True,True,True,8.182046766508998e-13,5.321077920197601e-12,7.038731942098811e-12,7.130113107641891e-12,1.317999453238456e-10,3.5662198464013326e-12,ipopt,genetic_algorithm+ipopt,ipopt,ipopt,ipopt,genetic_algorithm+ipopt
2,-20.0,-20.0,0.0,72.47629074172653,72.46192858990561,64.79107400422856,65.42954742898974,57.72187477137308,57.72173504510505,57.72173504510505,-Z,True,False,True,1,nan,nan,nan,True,True,True,2.408096513862063e-12,4.745635177944817e-13,3.791271861791968e-12,3.2649790646730472e-09,1.3838533616974077e-10,1.9790178174682486e-11,ipopt,ipopt,ipopt,ipopt,ipopt,genetic_algorithm+ipopt
